state,year,population
AK,2010,713982
AK,2011,722349
AK,2012,730810
AK,2013,737626
AK,2014,737075
AK,2015,738430
AK,2016,742575
AK,2017,740983
AK,2018,736624
AK,2019,733603
AK,2020,733017
AK,2021,734420
AK,2022,734442
AK,2023,736510
AK,2024,740133
AL,2010,4785514
AL,2011,4799642
AL,2012,4816632
AL,2013,4831586
AL,2014,4843737
AL,2015,4854803
AL,2016,4866824
AL,2017,4877989
AL,2018,4891628
AL,2019,4907965
AL,2020,5033094
AL,2021,5049196
AL,2022,5076181
AL,2023,5117673
AL,2024,5157699
AR,2010,2921998
AR,2011,2941038
AR,2012,2952876
AR,2013,2960459
AR,2014,2968759
AR,2015,2979732
AR,2016,2991815
AR,2017,3003855
AR,2018,3012161
AR,2019,3020985
AR,2020,3014546
AR,2021,3026870
AR,2022,3047704
AR,2023,3069463
AR,2024,3088354
AZ,2010,6407342
AZ,2011,6473416
AZ,2012,6556344
AZ,2013,6634690
AZ,2014,6732873
AZ,2015,6832810
AZ,2016,6944767
AZ,2017,7048088
AZ,2018,7164228
AZ,2019,7291843
AZ,2020,7187135
AZ,2021,7274078
AZ,2022,7377566
AZ,2023,7473027
AZ,2024,7582384
CA,2010,37319550
CA,2011,37636311
CA,2012,37944551
CA,2013,38253768
CA,2014,38586706
CA,2015,38904296
CA,2016,39149186
CA,2017,39337785
CA,2018,39437463
CA,2019,39437610
CA,2020,39521958
CA,2021,39142565
CA,2022,39142414
CA,2023,39198693
CA,2024,39431263
CO,2010,5047539
CO,2011,5121900
CO,2012,5193660
CO,2013,5270774
CO,2014,5352637
CO,2015,5454328
CO,2016,5543844
CO,2017,5617421
CO,2018,5697155
CO,2019,5758486
CO,2020,5787129
CO,2021,5814036
CO,2022,5850935
CO,2023,5901339
CO,2024,5957493
CT,2010,3579173
CT,2011,3588632
CT,2012,3595211
CT,2013,3595792
CT,2014,3595697
CT,2015,3588561
CT,2016,3579830
CT,2017,3575324
CT,2018,3574561
CT,2019,3566022
CT,2020,3579918
CT,2021,3606607
CT,2022,3617925
CT,2023,3643023
CT,2024,3675069
DC,2010,605282
DC,2011,620290
DC,2012,635737
DC,2013,651559
DC,2014,663603
DC,2015,677014
DC,2016,687576
DC,2017,697079
DC,2018,704147
DC,2019,708253
DC,2020,670917
DC,2021,669256
DC,2022,676725
DC,2023,687324
DC,2024,702250
DE,2010,899647
DE,2011,907590
DE,2012,915518
DE,2013,924062
DE,2014,933131
DE,2015,942065
DE,2016,949989
DE,2017,957942
DE,2018,966985
DE,2019,976668
DE,2020,991928
DE,2021,1005062
DE,2022,1020625
DE,2023,1036423
DE,2024,1051917
FL,2010,18846143
FL,2011,19055607
FL,2012,19302016
FL,2013,19551678
FL,2014,19853880
FL,2015,20219111
FL,2016,20627237
FL,2017,20977089
FL,2018,21254926
FL,2019,21492056
FL,2020,21592035
FL,2021,21831949
FL,2022,22379312
FL,2023,22904868
FL,2024,23372215
GA,2010,9712209
GA,2011,9803630
GA,2012,9903580
GA,2013,9975592
GA,2014,10071204
GA,2015,10183353
GA,2016,10308442
GA,2017,10417031
GA,2018,10519389
GA,2019,10628020
GA,2020,10732888
GA,2021,10792060
GA,2022,10931805
GA,2023,11064432
GA,2024,11180878
HI,2010,1364004
HI,2011,1379562
HI,2012,1395199
HI,2013,1408822
HI,2014,1415335
HI,2015,1422999
HI,2016,1428885
HI,2017,1425763
HI,2018,1423102
HI,2019,1415615
HI,2020,1451252
HI,2021,1447029
HI,2022,1440359
HI,2023,1441387
HI,2024,1446146
IA,2010,3050819
IA,2011,3066772
IA,2012,3076844
IA,2013,3093935
IA,2014,3110643
IA,2015,3122541
IA,2016,3133210
IA,2017,3143734
IA,2018,3149900
IA,2019,3159596
IA,2020,3191141
IA,2021,3198613
IA,2022,3202820
IA,2023,3218414
IA,2024,3241488
ID,2010,1570819
ID,2011,1584272
ID,2012,1595910
ID,2013,1612053
ID,2014,1632248
ID,2015,1652495
ID,2016,1684036
ID,2017,1719745
ID,2018,1752074
ID,2019,1789060
ID,2020,1849415
ID,2021,1904848
ID,2022,1944299
ID,2023,1971122
ID,2024,2001619
IL,2010,12840545
IL,2011,12867783
IL,2012,12883029
IL,2013,12895778
IL,2014,12885092
IL,2015,12859585
IL,2016,12821709
IL,2017,12779893
IL,2018,12724685
IL,2019,12667017
IL,2020,12799088
IL,2021,12700641
IL,2022,12621821
IL,2023,12642259
IL,2024,12710158
IN,2010,6490555
IN,2011,6517250
IN,2012,6538989
IN,2013,6570575
IN,2014,6596019
IN,2015,6611442
IN,2016,6637898
IN,2017,6662068
IN,2018,6698481
IN,2019,6731010
IN,2020,6790497
IN,2021,6815907
IN,2022,6844545
IN,2023,6880131
IN,2024,6924275
KS,2010,2858266
KS,2011,2869677
KS,2012,2886024
KS,2013,2894306
KS,2014,2901861
KS,2015,2910717
KS,2016,2912977
KS,2017,2910892
KS,2018,2912748
KS,2019,2912635
KS,2020,2938172
KS,2021,2938338
KS,2022,2937324
KS,2023,2951500
KS,2024,2970606
KY,2010,4348464
KY,2011,4370817
KY,2012,4387865
KY,2013,4406906
KY,2014,4416992
KY,2015,4429126
KY,2016,4440306
KY,2017,4455590
KY,2018,4464273
KY,2019,4472345
KY,2020,4508318
KY,2021,4507583
KY,2022,4519233
KY,2023,4550595
KY,2024,4588372
LA,2010,4544635
LA,2011,4576244
LA,2012,4602067
LA,2013,4626040
LA,2014,4645938
LA,2015,4666998
LA,2016,4681346
LA,2017,4673673
LA,2018,4664450
LA,2019,4658285
LA,2020,4652301
LA,2021,4627971
LA,2022,4593687
LA,2023,4588071
LA,2024,4597740
MA,2010,6566440
MA,2011,6614218
MA,2012,6664269
MA,2013,6715158
MA,2014,6764864
MA,2015,6797484
MA,2016,6827280
MA,2017,6863560
MA,2018,6885720
MA,2019,6894883
MA,2020,6994598
MA,2021,7000474
MA,2022,7022468
MA,2023,7066568
MA,2024,7136171
MD,2010,5788784
MD,2011,5840241
MD,2012,5888375
MD,2013,5925197
MD,2014,5960064
MD,2015,5988528
MD,2016,6007014
MD,2017,6028186
MD,2018,6042153
MD,2019,6054954
MD,2020,6177935
MD,2021,6179403
MD,2022,6192440
MD,2023,6217062
MD,2024,6263220
ME,2010,1327651
ME,2011,1328473
ME,2012,1328094
ME,2013,1328543
ME,2014,1331217
ME,2015,1329098
ME,2016,1332348
ME,2017,1335743
ME,2018,1340123
ME,2019,1345770
ME,2020,1364571
ME,2021,1378931
ME,2022,1390922
ME,2023,1399646
ME,2024,1405012
MI,2010,9877597
MI,2011,9883053
MI,2012,9898289
MI,2013,9914802
MI,2014,9932033
MI,2015,9934483
MI,2016,9954117
MI,2017,9976752
MI,2018,9987286
MI,2019,9984795
MI,2020,10072703
MI,2021,10041351
MI,2022,10050877
MI,2023,10083356
MI,2024,10140459
MN,2010,5310934
MN,2011,5346620
MN,2012,5377500
MN,2013,5414722
MN,2014,5452665
MN,2015,5484002
MN,2016,5525360
MN,2017,5569283
MN,2018,5608762
MN,2019,5640053
MN,2020,5710735
MN,2021,5718660
MN,2022,5721621
MN,2023,5753048
MN,2024,5793151
MO,2010,5996089
MO,2011,6011182
MO,2012,6026027
MO,2013,6042989
MO,2014,6059130
MO,2015,6075411
MO,2016,6091384
MO,2017,6111382
MO,2018,6125986
MO,2019,6140475
MO,2020,6154744
MO,2021,6171374
MO,2022,6179414
MO,2023,6208038
MO,2024,6245466
MS,2010,2970615
MS,2011,2979147
MS,2012,2984599
MS,2013,2989839
MS,2014,2991892
MS,2015,2990231
MS,2016,2990595
MS,2017,2990674
MS,2018,2982879
MS,2019,2978227
MS,2020,2958536
MS,2021,2947209
MS,2022,2941939
MS,2023,2943172
MS,2024,2943045
MT,2010,990730
MT,2011,997518
MT,2012,1004168
MT,2013,1014158
MT,2014,1022657
MT,2015,1031495
MT,2016,1042137
MT,2017,1053862
MT,2018,1061818
MT,2019,1070123
MT,2020,1087230
MT,2021,1106522
MT,2022,1122095
MT,2023,1131302
MT,2024,1137233
NC,2010,9574586
NC,2011,9658913
NC,2012,9751810
NC,2013,9846717
NC,2014,9937295
NC,2015,10037218
NC,2016,10161802
NC,2017,10275758
NC,2018,10391358
NC,2019,10501384
NC,2020,10449652
NC,2021,10564320
NC,2022,10710793
NC,2023,10881189
NC,2024,11046024
ND,2010,674752
ND,2011,685526
ND,2012,702227
ND,2013,723149
ND,2014,738736
ND,2015,755537
ND,2016,756114
ND,2017,756755
ND,2018,760062
ND,2019,763724
ND,2020,779563
ND,2021,777966
ND,2022,781057
ND,2023,789047
ND,2024,796568
NE,2010,1829591
NE,2011,1840914
NE,2012,1853691
NE,2013,1865813
NE,2014,1879955
NE,2015,1892059
NE,2016,1906483
NE,2017,1916998
NE,2018,1925512
NE,2019,1932571
NE,2020,1963387
NE,2021,1964537
NE,2022,1972246
NE,2023,1987864
NE,2024,2005465
NH,2010,1316807
NH,2011,1320444
NH,2012,1324677
NH,2013,1327272
NH,2014,1334257
NH,2015,1337480
NH,2016,1343694
NH,2017,1350395
NH,2018,1355064
NH,2019,1360783
NH,2020,1378756
NH,2021,1387677
NH,2022,1396678
NH,2023,1402199
NH,2024,1409032
NJ,2010,8799451
NJ,2011,8828552
NJ,2012,8845671
NJ,2013,8857821
NJ,2014,8867277
NJ,2015,8870312
NJ,2016,8873584
NJ,2017,8888147
NJ,2018,8891730
NJ,2019,8891258
NJ,2020,9272794
NJ,2021,9270541
NJ,2022,9295227
NJ,2023,9379642
NJ,2024,9500851
NM,2010,2064614
NM,2011,2080707
NM,2012,2087715
NM,2013,2092833
NM,2014,2090236
NM,2015,2090071
NM,2016,2092555
NM,2017,2092844
NM,2018,2093754
NM,2019,2099634
NM,2020,2118606
NM,2021,2117333
NM,2022,2113868
NM,2023,2121164
NM,2024,2130256
NV,2010,2702483
NV,2011,2713114
NV,2012,2744670
NV,2013,2776956
NV,2014,2818935
NV,2015,2868531
NV,2016,2919555
NV,2017,2972097
NV,2018,3030725
NV,2019,3090771
NV,2020,3116967
NV,2021,3148141
NV,2022,3176116
NV,2023,3214363
NV,2024,3267467
NY,2010,19399956
NY,2011,19499921
NY,2012,19574362
NY,2013,19626488
NY,2014,19653431
NY,2015,19657321
NY,2016,19636391
NY,2017,19593849
NY,2018,19544098
NY,2019,19463131
NY,2020,20105171
NY,2021,19848276
NY,2022,19703747
NY,2023,19737367
NY,2024,19867248
OH,2010,11539449
OH,2011,11545735
OH,2012,11550971
OH,2013,11579692
OH,2014,11606573
OH,2015,11622315
OH,2016,11640060
OH,2017,11665706
OH,2018,11680892
OH,2019,11696507
OH,2020,11798905
OH,2021,11767344
OH,2022,11777874
OH,2023,11824034
OH,2024,11883304
OK,2010,3760014
OK,2011,3788824
OK,2012,3819320
OK,2013,3853891
OK,2014,3879187
OK,2015,3910518
OK,2016,3928143
OK,2017,3933602
OK,2018,3943488
OK,2019,3960676
OK,2020,3965415
OK,2021,3992238
OK,2022,4026229
OK,2023,4063882
OK,2024,4095393
OR,2010,3837614
OR,2011,3872672
OR,2012,3900102
OR,2013,3924110
OR,2014,3965447
OR,2015,4018542
OR,2016,4093271
OR,2017,4147294
OR,2018,4183538
OR,2019,4216116
OR,2020,4243779
OR,2021,4254280
OR,2022,4247372
OR,2023,4253653
OR,2024,4272371
PA,2010,12711406
PA,2011,12747052
PA,2012,12769123
PA,2013,12779538
PA,2014,12792392
PA,2015,12789838
PA,2016,12788468
PA,2017,12794679
PA,2018,12809107
PA,2019,12798883
PA,2020,12996143
PA,2021,13015571
PA,2022,12984990
PA,2023,13017721
PA,2024,13078751
RI,2010,1053994
RI,2011,1053829
RI,2012,1054893
RI,2013,1055560
RI,2014,1056511
RI,2015,1056886
RI,2016,1057816
RI,2017,1056554
RI,2018,1059338
RI,2019,1058158
RI,2020,1096530
RI,2021,1097246
RI,2022,1099498
RI,2023,1103429
RI,2024,1112308
SC,2010,4635846
SC,2011,4672655
SC,2012,4719027
SC,2013,4766469
SC,2014,4826858
SC,2015,4896006
SC,2016,4963031
SC,2017,5027102
SC,2018,5091702
SC,2019,5157702
SC,2020,5132249
SC,2021,5194274
SC,2022,5287935
SC,2023,5387830
SC,2024,5478831
SD,2010,816193
SD,2011,823740
SD,2012,833859
SD,2013,842751
SD,2014,849670
SD,2015,854663
SD,2016,863693
SD,2017,873732
SD,2018,879386
SD,2019,887127
SD,2020,887948
SD,2021,896492
SD,2022,909723
SD,2023,918305
SD,2024,924669
TN,2010,6355518
TN,2011,6400298
TN,2012,6455752
TN,2013,6496943
TN,2014,6544617
TN,2015,6595354
TN,2016,6651277
TN,2017,6714748
TN,2018,6778180
TN,2019,6830325
TN,2020,6927904
TN,2021,6965740
TN,2022,7062217
TN,2023,7148304
TN,2024,7227750
TX,2010,25241897
TX,2011,25645504
TX,2012,26084120
TX,2013,26479646
TX,2014,26963092
TX,2015,27468531
TX,2016,27914064
TX,2017,28291024
TX,2018,28624564
TX,2019,28986794
TX,2020,29239570
TX,2021,29570351
TX,2022,30113488
TX,2023,30727890
TX,2024,31290831
UT,2010,2775413
UT,2011,2814797
UT,2012,2854146
UT,2013,2898773
UT,2014,2938327
UT,2015,2983626
UT,2016,3044241
UT,2017,3103540
UT,2018,3155153
UT,2019,3203383
UT,2020,3284077
UT,2021,3339738
UT,2022,3391011
UT,2023,3443222
UT,2024,3503613
VA,2010,8024004
VA,2011,8102437
VA,2012,8187456
VA,2013,8255861
VA,2014,8315430
VA,2015,8367303
VA,2016,8417651
VA,2017,8471011
VA,2018,8510920
VA,2019,8556642
VA,2020,8637615
VA,2021,8658910
VA,2022,8683414
VA,2023,8734685
VA,2024,8811195
VT,2010,625886
VT,2011,627197
VT,2012,626361
VT,2013,626603
VT,2014,625693
VT,2015,625810
VT,2016,624366
VT,2017,625132
VT,2018,624802
VT,2019,624046
VT,2020,642977
VT,2021,647210
VT,2022,648142
VT,2023,648708
VT,2024,648493
WA,2010,6743009
WA,2011,6827479
WA,2012,6898599
WA,2013,6966252
WA,2014,7057531
WA,2015,7167287
WA,2016,7299961
WA,2017,7427951
WA,2018,7526793
WA,2019,7614024
WA,2020,7727209
WA,2021,7743760
WA,2022,7794123
WA,2023,7857320
WA,2024,7958180
WI,2010,5690538
WI,2011,5705840
WI,2012,5720825
WI,2013,5738012
WI,2014,5753199
WI,2015,5762927
WI,2016,5775170
WI,2017,5793147
WI,2018,5809319
WI,2019,5824581
WI,2020,5897375
WI,2021,5881608
WI,2022,5903975
WI,2023,5930405
WI,2024,5960975
WV,2010,1854265
WV,2011,1856606
WV,2012,1857446
WV,2013,1854768
WV,2014,1850569
WV,2015,1843332
WV,2016,1832435
WV,2017,1818683
WV,2018,1805953
WV,2019,1795263
WV,2020,1791646
WV,2021,1785618
WV,2022,1774122
WV,2023,1770495
WV,2024,1769979
WY,2010,564531
WY,2011,567491
WY,2012,576656
WY,2013,582620
WY,2014,583159
WY,2015,586389
WY,2016,585243
WY,2017,579994
WY,2018,579054
WY,2019,580116
WY,2020,577681
WY,2021,579636
WY,2022,581978
WY,2023,585067
WY,2024,587618
